-- =====================================================
-- DATA EXPORT - supabase_data_export.sql
-- Generated: 2026-01-13
-- =====================================================

-- Disable triggers temporarily for data import
SET session_replication_role = 'replica';

-- =====================================================
-- MAGAZINES
-- =====================================================
INSERT INTO public.magazines (id, name, created_at, updated_at) VALUES
('96896ed8-0aa2-4db8-9b91-963c35f2a780', 'נפלאות קידס', '2026-01-07 12:17:28.832035+00', '2026-01-07 12:17:28.832035+00'),
('552b2ed4-6a68-418c-a242-1f933d23186c', 'נשיונל ג''אוגרפיק קידס', '2026-01-07 12:17:38.456109+00', '2026-01-07 12:17:38.456109+00');

-- =====================================================
-- PROFILES
-- =====================================================
INSERT INTO public.profiles (id, email, full_name, created_at, updated_at) VALUES
('f4724df1-1614-4110-82e4-f02eaa1f3cb7', 'rikiplus@gmail.com', 'ריקי לייבוביץ', '2026-01-07 11:09:17.76841+00', '2026-01-07 11:09:17.76841+00'),
('626b3d51-6d7f-45db-9c1e-01439beff76a', 'nofia@jrmedia.co.il', 'נופיה בר ניצן', '2026-01-07 13:55:43.12997+00', '2026-01-07 13:55:43.12997+00'),
('31cf1c89-2f41-4d6a-951e-4b322cf8bf33', 'riki@jrmedia.co.il', 'ריקי', '2026-01-07 13:56:35.077748+00', '2026-01-07 13:56:35.077748+00'),
('d9530257-5aba-4863-b1e2-64cf14d90076', 'nivat2@gmail.com', 'ניב חביב', '2026-01-07 19:02:41.528875+00', '2026-01-07 19:02:41.528875+00'),
('73940f68-0a30-4a9e-864a-94cad2d51798', 'akiva@jrmedia.co.il', 'עקיבא גולדבלום', '2026-01-08 06:45:39.816914+00', '2026-01-08 06:45:39.816914+00'),
('081e8cc4-fa7d-4af1-8e2f-0326a00e7c11', 'miri9443@gmail.com', 'miri fridman', '2026-01-08 21:42:54.22668+00', '2026-01-08 21:42:54.22668+00'),
('23d128da-6879-48e9-84de-8dff59710efe', 'noam@adamolam.com', 'נועם שרון', '2026-01-09 09:08:44.111346+00', '2026-01-09 09:08:44.111346+00');

-- =====================================================
-- USER_ROLES
-- =====================================================
INSERT INTO public.user_roles (id, user_id, role, created_at) VALUES
('711dad6c-f939-45d5-8e43-37ecb53e9249', 'f4724df1-1614-4110-82e4-f02eaa1f3cb7', 'admin', '2026-01-07 14:51:25.057375+00'),
('a6ad80c5-ba89-4195-a6d2-3fcaba33aa15', 'd9530257-5aba-4863-b1e2-64cf14d90076', 'designer', '2026-01-07 21:43:39.842882+00'),
('62ac35f5-20c5-4abf-8f3a-44926bc31dc9', '626b3d51-6d7f-45db-9c1e-01439beff76a', 'editor', '2026-01-08 06:38:32.818909+00'),
('c93cf74d-23ab-4dd5-91a6-0847ce15d00f', '73940f68-0a30-4a9e-864a-94cad2d51798', 'publisher', '2026-01-08 06:49:13.960107+00'),
('568bfc4a-1da5-4567-9ae7-d556bff353ee', '23d128da-6879-48e9-84de-8dff59710efe', 'publisher', '2026-01-10 23:52:02.198747+00'),
('1db9c68f-8846-4c35-94ad-03021866405b', '31cf1c89-2f41-4d6a-951e-4b322cf8bf33', 'editor', '2026-01-10 23:52:07.556245+00');

-- =====================================================
-- SUPPLIERS
-- =====================================================
INSERT INTO public.suppliers (id, name, contact_name, email, phone, notes, supplier_type, business_type, created_at, updated_at) VALUES
('8f6f0da9-2055-408b-849c-12f665c57160', 'ניב חביב', 'ניב חביב', 'niv@jrmedia.co.il', '050-2231317', NULL, 'designer', 'payslip', '2026-01-07 14:22:12.143111+00', '2026-01-07 14:22:12.143111+00'),
('ec9d582a-e8db-43d7-b9c4-2d72f444b1bb', 'רובן בניסתי', 'ראובן בניסטי', NULL, '054-7905006', NULL, 'writer', 'artist_salary', '2026-01-07 14:24:27.073773+00', '2026-01-07 14:24:27.073773+00'),
('7317a209-cf5e-4d49-9093-8a9b1635430f', 'איריס בן יאיר', 'איריס בן יאיר', NULL, '054-4232123', NULL, 'writer', 'licensed', '2026-01-07 14:25:17.572635+00', '2026-01-07 14:25:17.572635+00'),
('1c0bcad0-aec2-4d05-af55-9516aa5a00ce', 'יפית ברנשטיין', 'יפית ברנשטיין', NULL, '052-7131800', NULL, 'illustrator', 'licensed', '2026-01-07 14:25:57.215327+00', '2026-01-07 14:25:57.215327+00'),
('8938a586-d782-4e76-841b-7bfc6f2e26cc', 'הילה נועם', 'הילה נועם', NULL, NULL, NULL, 'illustrator', 'licensed', '2026-01-07 14:52:49.888441+00', '2026-01-07 14:52:49.888441+00'),
('5e51d125-d2e9-4bab-8a85-5a1d34e617de', 'מאיה בניטה', NULL, NULL, NULL, NULL, 'writer', 'licensed', '2026-01-07 14:52:57.426185+00', '2026-01-07 14:52:57.426185+00'),
('a008c09d-4eca-4d37-851e-73ba194bc935', 'דור כהן', 'דור כהן', NULL, NULL, NULL, 'writer', 'artist_salary', '2026-01-07 14:53:14.972841+00', '2026-01-07 14:53:14.972841+00'),
('0737f521-84bd-4ba2-9c63-fbf5040178eb', 'עמי חניה', 'עמי חניה', NULL, NULL, NULL, 'other', 'licensed', '2026-01-07 14:53:43.935156+00', '2026-01-07 14:53:43.935156+00'),
('34aaef5f-688b-45f2-afdb-c17d905d06eb', 'תמר הירדני', NULL, NULL, NULL, NULL, 'writer', 'licensed', '2026-01-07 15:02:11.602477+00', '2026-01-07 15:02:11.602477+00'),
('74cee34f-c8cb-4a98-9b70-448b9ca2db38', 'נופיה בר ניצן', NULL, NULL, NULL, NULL, 'writer', 'licensed', '2026-01-07 15:02:55.846141+00', '2026-01-07 15:02:55.846141+00'),
('8dc45a4e-b4c0-42f7-b104-bb6b3b250a48', 'נדב מצ''טה', NULL, NULL, NULL, NULL, 'writer', 'licensed', '2026-01-07 15:03:14.109018+00', '2026-01-07 15:03:14.109018+00'),
('b2c2f7ee-204c-4b0f-9dcc-7c5dd58b2caf', 'שחר אבן צור', NULL, NULL, NULL, NULL, 'writer', 'licensed', '2026-01-07 15:03:26.743136+00', '2026-01-07 15:03:26.743136+00'),
('332a031c-881d-4a1c-a9d9-e3b6493e2468', 'עמי חניה', NULL, NULL, NULL, NULL, 'writer', 'licensed', '2026-01-07 15:03:53.473243+00', '2026-01-07 15:03:53.473243+00'),
('479fca7c-bf96-4cc5-9ba9-0c07377c8d71', 'יוסי חיים מימון', NULL, NULL, NULL, NULL, 'writer', 'artist_salary', '2026-01-07 15:02:38.916355+00', '2026-01-07 15:15:10.722306+00'),
('99f4d910-85eb-4f5b-bb2a-afc77122793a', 'ריקי', 'ריקי', 'riki@jrmedia.co.il', '0535528588', NULL, 'writer', 'payslip', '2026-01-07 12:31:18.33723+00', '2026-01-07 21:57:31.070022+00'),
('33822db7-68e4-4796-b31a-4f218b05a2d3', 'ניר דמארי', NULL, NULL, NULL, NULL, 'writer', 'licensed', '2026-01-08 20:52:24.683238+00', '2026-01-08 20:52:24.683238+00'),
('90d18995-7ae1-4e04-9439-3e7565725af1', 'איתמר ליבנה', NULL, NULL, NULL, NULL, 'writer', 'licensed', '2026-01-09 07:20:45.739815+00', '2026-01-09 07:20:45.739815+00'),
('232bed6b-b3a1-454a-acfa-edda344cfd50', 'ניר דמארי', NULL, NULL, NULL, NULL, 'writer', 'licensed', '2026-01-09 07:22:04.624024+00', '2026-01-09 07:22:04.624024+00'),
('1a5e8928-74d5-44f4-8ec7-04548a70d45a', 'לי באלאן', NULL, NULL, NULL, NULL, 'writer', 'licensed', '2026-01-09 07:24:58.058238+00', '2026-01-09 07:24:58.058238+00'),
('508b93b6-94ce-4508-9ecb-fc1a43875320', 'אסתר גרבר', NULL, NULL, NULL, NULL, 'writer', 'licensed', '2026-01-09 07:26:00.099508+00', '2026-01-09 07:26:00.099508+00'),
('9e4bf203-cc25-4113-b654-de6ff3fab4ca', 'מורן לביא קדרון', NULL, NULL, NULL, NULL, 'writer', 'licensed', '2026-01-09 07:26:42.430419+00', '2026-01-09 07:26:42.430419+00'),
('74d39e0e-b224-405b-b0c7-e17dac0fd2b4', 'מאיה בניטה', NULL, NULL, NULL, NULL, 'writer', 'licensed', '2026-01-10 21:44:03.08411+00', '2026-01-10 21:44:03.08411+00'),
('ba041d4d-7188-4673-a839-4443a1d4dcb5', 'יעל וייסמנדל', NULL, NULL, NULL, NULL, 'writer', 'licensed', '2026-01-10 21:44:09.844012+00', '2026-01-10 21:44:09.844012+00');

-- =====================================================
-- ISSUES
-- =====================================================
INSERT INTO public.issues (id, magazine_id, issue_number, template_pages, distribution_month, theme, design_start_date, sketch_close_date, print_date, status, created_by, created_at, updated_at, hebrew_month) VALUES
('6094499e-e5ca-42ee-9a11-4d5a2a6a8e12', '96896ed8-0aa2-4db8-9b91-963c35f2a780', 61, 52, '2026-01-01', 'סודות החורף', '2025-12-25', '2026-01-04', '2026-01-12', 'in_progress', 'f4724df1-1614-4110-82e4-f02eaa1f3cb7', '2026-01-09 07:28:04.179746+00', '2026-01-10 21:16:17.823917+00', 'שבט'),
('02b0b155-1d71-42d3-b672-1a2c1f95e143', '552b2ed4-6a68-418c-a242-1f933d23186c', 154, 68, '2026-02-01', 'מכשפות', '2026-01-07', '2026-01-19', '2026-01-26', 'in_progress', 'f4724df1-1614-4110-82e4-f02eaa1f3cb7', '2026-01-07 15:06:47.408065+00', '2026-01-10 22:20:38.824136+00', NULL);

-- =====================================================
-- ISSUE_EDITORS
-- =====================================================
INSERT INTO public.issue_editors (id, issue_id, editor_id, created_at) VALUES
('c573c6a8-cd88-43ea-9649-48a280806015', '02b0b155-1d71-42d3-b672-1a2c1f95e143', '626b3d51-6d7f-45db-9c1e-01439beff76a', '2026-01-07 15:06:47.664673+00'),
('ab2347f2-4926-4c5c-acf7-135711b239c0', '02b0b155-1d71-42d3-b672-1a2c1f95e143', 'f4724df1-1614-4110-82e4-f02eaa1f3cb7', '2026-01-07 15:06:47.893739+00'),
('329dcde0-14d9-4ba2-89f5-ee0d4e0e54c1', '6094499e-e5ca-42ee-9a11-4d5a2a6a8e12', '31cf1c89-2f41-4d6a-951e-4b322cf8bf33', '2026-01-09 07:28:04.4115+00');

-- =====================================================
-- PAGE_TEMPLATES
-- =====================================================
INSERT INTO public.page_templates (id, page_count, is_active, created_at, updated_at) VALUES
('d450a00a-bdaf-45c3-a721-5c59f9f78618', 52, true, '2026-01-07 17:14:47.187614+00', '2026-01-07 17:14:47.187614+00'),
('76cf8abf-11cb-4260-8778-5e43b6f93c5a', 68, true, '2026-01-07 17:14:47.187614+00', '2026-01-07 17:14:47.187614+00');

-- =====================================================
-- INSERTS
-- =====================================================
INSERT INTO public.inserts (id, issue_id, name, description, supplier_id, notes, text_ready, files_ready, is_designed, design_status, designer_notes, responsible_editor_id, content_type, assignment_sent, assignment_sent_by, assignment_sent_date, created_at, updated_at) VALUES
('9397bfe3-7379-49fa-abfc-94d9c83544d2', '6094499e-e5ca-42ee-9a11-4d5a2a6a8e12', 'אלף ב''טריוויה', 'חידון טריויה מודפס על סימניה', '34aaef5f-688b-45f2-afdb-c17d905d06eb', 'להדפיס על דף יותר קשיח מפעם קודמת', false, false, false, 'pending', NULL, '31cf1c89-2f41-4d6a-951e-4b322cf8bf33', NULL, false, NULL, NULL, '2026-01-10 21:16:28.157017+00', '2026-01-10 21:16:28.157017+00');

-- =====================================================
-- USER_PREFERENCES
-- =====================================================
INSERT INTO public.user_preferences (id, user_id, theme, remember_me, browser_notifications, email_notifications, push_notifications_enabled, created_at, updated_at) VALUES
('30ff24e4-6560-4487-a599-895d73000b3f', '31cf1c89-2f41-4d6a-951e-4b322cf8bf33', 'dark', false, false, true, true, '2026-01-09 12:42:21.072372+00', '2026-01-09 12:42:14.2+00'),
('9c0616fa-db7e-49f4-b6ad-f5d7cd1f01cf', 'f4724df1-1614-4110-82e4-f02eaa1f3cb7', 'light', false, false, true, true, '2026-01-10 18:28:41.406556+00', '2026-01-10 18:28:32.759+00');

-- =====================================================
-- EDITOR_MESSAGES
-- =====================================================
INSERT INTO public.editor_messages (id, sender_id, recipient_id, subject, content, is_read, created_at) VALUES
('22ffb888-0cec-4b62-a98a-06aa70ff10d8', '31cf1c89-2f41-4d6a-951e-4b322cf8bf33', 'd9530257-5aba-4863-b1e2-64cf14d90076', 'ברוך הבא', 'מקווה שתאהב את סביבת העבודה החדשה', false, '2026-01-07 22:01:34.973988+00'),
('b21148ad-6c92-4130-b679-3acaefc82700', 'f4724df1-1614-4110-82e4-f02eaa1f3cb7', '626b3d51-6d7f-45db-9c1e-01439beff76a', 'ברוכה הבאה למערכת :)', 'כאן משאירים הודעות לכל אנשי הצוות', false, '2026-01-08 07:14:22.734236+00'),
('8cdbb513-c06a-4eba-a66a-e5460918436b', 'd9530257-5aba-4863-b1e2-64cf14d90076', '31cf1c89-2f41-4d6a-951e-4b322cf8bf33', 'יאיייי', 'מלכה!', false, '2026-01-12 11:32:54.77499+00');

-- =====================================================
-- LINEUP_COMMENTS
-- =====================================================
INSERT INTO public.lineup_comments (id, lineup_item_id, user_id, user_name, comment_text, created_at, updated_at) VALUES
('0a63de89-6c41-4ef4-8450-7353453c6bb9', 'b8006056-28d2-4538-a026-f75c2874f682', 'f4724df1-1614-4110-82e4-f02eaa1f3cb7', 'ריקי לייבוביץ', 'להקטין קצת את גדול עלי ל2/3 עליון
וב1/3 תחתון חידה לי חביבה', '2026-01-09 00:36:00.227894+00', '2026-01-09 00:36:00.227894+00'),
('d5df3e48-12c3-4248-8149-21187bf1793e', 'c14b1e9e-271b-4bc4-a74f-623ec4919c93', 'd9530257-5aba-4863-b1e2-64cf14d90076', 'ניב חביב', 'ריקוש לא כדאי לשנות את השם של המדור לשם פחות פוגעני?', '2026-01-11 09:20:30.729108+00', '2026-01-11 09:20:30.729108+00'),
('c80b4553-47e7-4e7c-913d-2c12236cf2c7', 'c14b1e9e-271b-4bc4-a74f-623ec4919c93', 'f4724df1-1614-4110-82e4-f02eaa1f3cb7', 'ריקי לייבוביץ', 'יודע מה, יש בזה משהו.
אעלק נשיונל אוהבים חיות.
רגע של חלחלה - עדיף?
רגע של צמרמורת
רגע של "אמא''לה!"', '2026-01-11 15:49:16.427972+00', '2026-01-11 15:49:16.427972+00'),
('3377cd34-1d20-4e85-b850-2efb41872fd4', '53e3d8b5-a780-4618-bc1d-931f551eea87', 'f4724df1-1614-4110-82e4-f02eaa1f3cb7', 'ריקי לייבוביץ', 'הכנתי קומיקס מלווה חמוד לכתבה הזו
הקובץ מופיע במדורים אפשר לשלב אותו. הטקסט בגהה', '2026-01-11 16:19:33.367264+00', '2026-01-11 16:19:33.367264+00'),
('e5a197d1-f705-4980-b74f-a370274bfd0e', 'c14b1e9e-271b-4bc4-a74f-623ec4919c93', 'd9530257-5aba-4863-b1e2-64cf14d90076', 'ניב חביב', 'אז מה אומרת? ותשלחי לי עם ניקוד :)', '2026-01-12 11:40:57.87371+00', '2026-01-12 11:40:57.87371+00'),
('14d32021-50ca-476f-9476-43343e5e6551', 'c6707f7e-bd28-4a5a-a348-33947e5629f7', '626b3d51-6d7f-45db-9c1e-01439beff76a', 'נופיה בר ניצן', 'ריקי צריך להחליף את שם המאייר פה בלייאאוט לנדב נחמני', '2026-01-12 13:12:54.825279+00', '2026-01-12 13:12:54.825279+00');

-- =====================================================
-- ROLE_PERMISSIONS (sample - full list is very long)
-- =====================================================
INSERT INTO public.role_permissions (id, role, permission_key, is_allowed, created_at, updated_at) VALUES
-- Admin permissions
('72a33982-7091-48ba-bf16-60a697a9bd5d', 'admin', 'view_issues', true, '2026-01-07 17:03:17.891218+00', '2026-01-07 17:03:17.891218+00'),
('c5135a51-ff94-4bd7-8022-88f37fa225ba', 'admin', 'manage_issues', true, '2026-01-07 17:03:17.891218+00', '2026-01-07 17:03:17.891218+00'),
('9c812faf-523e-484f-8312-a79b2477d0d0', 'admin', 'view_lineup', true, '2026-01-07 17:03:17.891218+00', '2026-01-07 17:03:17.891218+00'),
('30274f3c-3ae6-4a30-8cfe-74ef630db2bd', 'admin', 'manage_lineup', true, '2026-01-07 17:03:17.891218+00', '2026-01-07 17:03:17.891218+00'),
('5c6da9a3-2b36-4414-8acb-0d10e4731ffc', 'admin', 'view_suppliers', true, '2026-01-07 17:03:17.891218+00', '2026-01-07 17:03:17.891218+00'),
('77d742dc-3c5d-4bdd-8dc1-fe3d89d9b360', 'admin', 'manage_suppliers', true, '2026-01-07 17:03:17.891218+00', '2026-01-07 17:03:17.891218+00'),
('15d26c19-326b-4260-8ed9-f642e5ab9ceb', 'admin', 'view_team', true, '2026-01-07 17:03:17.891218+00', '2026-01-07 17:03:17.891218+00'),
('8d421aac-79c6-4a75-9664-a7514d4fc30c', 'admin', 'manage_team', true, '2026-01-07 17:03:17.891218+00', '2026-01-07 17:03:17.891218+00'),
('237e0c28-e616-4e0a-8a39-2c1ed55491e0', 'admin', 'view_reminders', true, '2026-01-07 17:03:17.891218+00', '2026-01-07 17:03:17.891218+00'),
('41f96743-cde0-4cf3-a872-d0cb9340d59b', 'admin', 'manage_reminders', true, '2026-01-07 17:03:17.891218+00', '2026-01-07 17:03:17.891218+00'),
('084fce4b-767e-433a-9bb1-a6354316ab6d', 'admin', 'view_schedule', true, '2026-01-07 17:03:17.891218+00', '2026-01-07 17:03:17.891218+00'),
('b16bbb1d-b0ac-4719-a723-f253ea0c0870', 'admin', 'view_messages', true, '2026-01-07 17:03:17.891218+00', '2026-01-07 17:03:17.891218+00'),
('d2670eb4-b554-4c19-bf0b-6800051094d8', 'admin', 'send_messages', true, '2026-01-07 17:03:17.891218+00', '2026-01-07 17:03:17.891218+00'),
('59974803-ecc4-448a-8991-a56d31071719', 'admin', 'view_settings', true, '2026-01-07 17:03:17.891218+00', '2026-01-07 17:03:17.891218+00'),
('c06dd9c4-123f-4ca9-948c-ed8f9be7a3c1', 'admin', 'manage_settings', true, '2026-01-07 17:03:17.891218+00', '2026-01-07 17:03:17.891218+00'),
('99a6cba8-b587-4bed-aad5-8f2ca6b1f575', 'admin', 'view_users', true, '2026-01-07 17:03:17.891218+00', '2026-01-07 17:03:17.891218+00'),
('c64101f5-c6a4-4b1d-a6f9-e74e4c294ea4', 'admin', 'manage_users', true, '2026-01-07 17:03:17.891218+00', '2026-01-07 17:03:17.891218+00'),
-- Editor permissions
('1114b4d9-fb3e-483d-8357-2a62ffaf194c', 'editor', 'view_dashboard', true, '2026-01-07 17:03:17.891218+00', '2026-01-07 17:03:17.891218+00'),
('f3c6e03a-04fa-4f3e-a993-749af185fb34', 'editor', 'view_issues', true, '2026-01-07 17:03:17.891218+00', '2026-01-07 17:03:17.891218+00'),
('82d2f09d-388f-4f6b-bdc2-78ca99a6a93f', 'editor', 'manage_issues', true, '2026-01-07 17:03:17.891218+00', '2026-01-07 17:03:17.891218+00'),
('9e09820e-3544-4883-9e41-7172de13db31', 'editor', 'view_lineup', true, '2026-01-07 17:03:17.891218+00', '2026-01-07 17:03:17.891218+00'),
('d49cac56-1ca6-4c94-96b9-9deea8456b9e', 'editor', 'manage_lineup', true, '2026-01-07 17:03:17.891218+00', '2026-01-07 17:03:17.891218+00'),
('d0c81b89-2374-4a46-adc9-a6aecbffc06b', 'editor', 'view_suppliers', true, '2026-01-07 17:03:17.891218+00', '2026-01-07 17:03:17.891218+00'),
('10e31969-358e-4eef-8e8d-2f2b5e84f05c', 'editor', 'manage_suppliers', true, '2026-01-07 17:03:17.891218+00', '2026-01-07 17:03:17.891218+00'),
('91052960-dd93-414b-8908-16ac03009f6b', 'editor', 'view_team', true, '2026-01-07 17:03:17.891218+00', '2026-01-07 17:03:17.891218+00'),
('3fe7b899-a41d-4bb8-a2fa-62b219bfd57b', 'editor', 'manage_team', false, '2026-01-07 17:03:17.891218+00', '2026-01-07 17:03:17.891218+00'),
('e2c246f4-c8ea-48f1-a095-009f61d5dc05', 'editor', 'view_reminders', true, '2026-01-07 17:03:17.891218+00', '2026-01-07 17:03:17.891218+00'),
('a1f5f2f9-57c8-44d1-8d9f-64a8d1a1d2f3', 'editor', 'manage_reminders', true, '2026-01-07 17:03:17.891218+00', '2026-01-07 17:03:17.891218+00'),
('b2f5f2f9-57c8-44d1-8d9f-64a8d1a1d2f3', 'editor', 'view_schedule', true, '2026-01-07 17:03:17.891218+00', '2026-01-07 17:03:17.891218+00'),
('c3f5f2f9-57c8-44d1-8d9f-64a8d1a1d2f3', 'editor', 'view_messages', true, '2026-01-07 17:03:17.891218+00', '2026-01-07 17:03:17.891218+00'),
('d4f5f2f9-57c8-44d1-8d9f-64a8d1a1d2f3', 'editor', 'send_messages', true, '2026-01-07 17:03:17.891218+00', '2026-01-07 17:03:17.891218+00'),
-- Designer permissions
('e5f5f2f9-57c8-44d1-8d9f-64a8d1a1d2f3', 'designer', 'view_dashboard', true, '2026-01-07 17:03:17.891218+00', '2026-01-07 17:03:17.891218+00'),
('f6f5f2f9-57c8-44d1-8d9f-64a8d1a1d2f3', 'designer', 'view_issues', true, '2026-01-07 17:03:17.891218+00', '2026-01-07 17:03:17.891218+00'),
('a7f5f2f9-57c8-44d1-8d9f-64a8d1a1d2f3', 'designer', 'view_lineup', true, '2026-01-07 17:03:17.891218+00', '2026-01-07 17:03:17.891218+00'),
('b8f5f2f9-57c8-44d1-8d9f-64a8d1a1d2f3', 'designer', 'view_schedule', true, '2026-01-07 17:03:17.891218+00', '2026-01-07 17:03:17.891218+00'),
('c9f5f2f9-57c8-44d1-8d9f-64a8d1a1d2f3', 'designer', 'view_messages', true, '2026-01-07 17:03:17.891218+00', '2026-01-07 17:03:17.891218+00'),
('d0f5f2f9-57c8-44d1-8d9f-64a8d1a1d2f3', 'designer', 'send_messages', true, '2026-01-07 17:03:17.891218+00', '2026-01-07 17:03:17.891218+00'),
-- Publisher permissions
('e1f5f2f9-57c8-44d1-8d9f-64a8d1a1d2f3', 'publisher', 'view_dashboard', true, '2026-01-07 17:03:17.891218+00', '2026-01-07 17:03:17.891218+00'),
('f2f5f2f9-57c8-44d1-8d9f-64a8d1a1d2f3', 'publisher', 'view_issues', true, '2026-01-07 17:03:17.891218+00', '2026-01-07 17:03:17.891218+00'),
('a3f5f2f9-57c8-44d1-8d9f-64a8d1a1d2f3', 'publisher', 'view_lineup', true, '2026-01-07 17:03:17.891218+00', '2026-01-07 17:03:17.891218+00'),
('b4f5f2f9-57c8-44d1-8d9f-64a8d1a1d2f3', 'publisher', 'view_schedule', true, '2026-01-07 17:03:17.891218+00', '2026-01-07 17:03:17.891218+00'),
('c5f5f2f9-57c8-44d1-8d9f-64a8d1a1d2f3', 'publisher', 'view_suppliers', true, '2026-01-07 17:03:17.891218+00', '2026-01-07 17:03:17.891218+00');

-- Re-enable triggers
SET session_replication_role = 'origin';

-- =====================================================
-- NOTE: lineup_items, lineup_item_suppliers, budget_items, 
-- and reminders contain many records. Due to size limits,
-- they are not included in full here.
-- You can query them separately from your database.
-- =====================================================
